station_name,ek
ＹＲＰ野比,11541580
あざみ野,17000820
いずみ中央,18002520
いずみ野,18002550
おゆみ野,57007290
お花茶屋,55507120
お台場海浜公園,7506860
かしわ台,17507980
くぬぎ山,53512810
こどもの国,22515110
さいたま新都心,43015620
さがみ野,17515950
すずかけ台,23020660
スポーツセンター,59520780
せんげん台,44021380
センター南,77021510
センター北,77021500
ソシオ流通センター,49039215
たまプラーザ,23023580
ちはら台,57024260
つきのわ,38553915
つきみ野,23024660
つくし野,23024700
つつじヶ丘,28024850
テレコムセンター,7525310
とうきょうスカイツリー,44028030
ときわ台,38525970
はるひ野,25075895
ひばりヶ丘,37033000
ひろせ野鳥の森,49053970
ふかや花園,49053908
ふじみ野,38534060
みずほ台,38536790
みつわ台,59537060
みどり台,56537130
みなとみらい,64554020
みなみ寄居,38584585
みのり台,53538120
めじろ台,29539130
ユーカリが丘,54540660
ゆめが丘,18040740
阿佐ヶ谷,57300640
愛甲石田,24500050
愛宕,49501010
旭,58500740
芦ヶ久保,38000860
芦花公園,28041450
綾瀬,3001370
安食,52500890
安針塚,9501750
安善,13501760
安房鴨川,62501670
安房小湊,61001680
安房天津,61001650
伊勢原,24502750
伊勢佐木長者町,17002680
伊奈中央,42503310
衣笠,12011700
井の頭公園,26503510
井荻,35001870
井細田,73563810
井土ヶ谷,9503190
井野,54503490
磯子,13002800
一ノ割,44003110
一橋学園,31532880
一之江,6503060
一本松,39003180
逸見,9534760
稲荷山公園,37003440
稲荷町,1003430
稲城,29003230
稲城長沼,18503240
稲村ヶ崎,15003400
稲田堤,18503300
稲毛,58003250
稲毛海岸,60003260
印西牧の原,56003970
印旛日本医大,56303990
羽貫,42531010
羽生,49031000
羽村,32531170
羽沢横浜国大,18384040
羽田空港第１・第２ターミナル,10075910
鵜の木,21004470
浦安,2504690
浦賀,9504680
浦和,758504710
浦和美園,64053845
運河,49504730
荏原中延,20005020
荏原町,21505030
曳舟,44532640
栄町,59515760
永田,49053905
永田町,5027210
永福町,26504780
越生,39006750
越谷,44014820
越谷レイクタウン,33540965
越中島,60004910
榎戸,58504990
猿田,58516610
奥沢,20506660
押上,54006820
横芝,58540880
横須賀,12040890
横須賀中央,9540900
横瀬,38040910
横田,63540920
横浜,64540940
王子,5005180
王子駅前,8505200
王子神谷,5005830
黄金町,9514570
岡部,758506560
荻窪,1506640
桶川,758506730
恩田,22507430
下井草,35017860
下永谷,17018210
下丸子,21018280
下郡,63518040
下溝,19518290
下高井戸,28018140
下山口,36018310
下神明,21518100
下赤塚,38517820
下曽我,16518110
下総橘,52517930
下総松崎,52517960
下総神崎,52517920
下総中山,57317950
下総豊里,52517940
下板橋,38517890
下飯田,17017850
下北沢,24018010
下落合,35017990
加須,44008330
加茂宮,42509650
河辺,32508860
花月総持寺,9507720
花崎,44030910
花小金井,35030900
霞ケ関,3008290
霞ヶ関,38508300
我孫子,52501190
海の公園柴口,14004560
海の公園南口,14004570
海士有木,63001280
海鹿島,71563470
海神,55507470
海浜幕張,60007530
海老名,17505090
皆野,49037250
開成,24507480
外苑前,1007450
外川,71563485
柿生,24007590
学園前,57007620
学芸大学,22007660
学習院下,8507670
笠上黒生,71563460
笠幡,40007820
梶が谷,23007890
梶原,8508010
滑河,52527950
葛西,2507760
葛西臨海公園,60007770
蒲生,44009600
蒲田,21008940
鎌ヶ谷,49508870
鎌ヶ谷大仏,53508880
鎌取,61008970
鎌倉,15008890
鎌倉高校前,15008900
鴨宮,758509660
鴨居,19009590
栢山,24509690
茅ヶ崎,758523840
茅場町,2509680
寒川,19516510
干潟,58532610
観音,71563450
関内,17010300
館山,62523220
丸山,42536190
岸根公園,17010780
巌根,62503900
岩原,73563835
岩槻,49503860
岩本町,6503950
喜多見,24011580
寄居,49041320
希望ヶ丘,17511810
旗の台,21530650
鬼越,55507050
鬼子母神前,8510820
亀戸,44509500
亀戸水神,44509510
亀有,50009490
祇園,63510640
菊川,6510690
菊名,19010720
吉祥寺,26511640
吉川,33540970
吉川美南,33583725
吉野原,42541070
吉野町,17041060
逆井,49515830
久が原,20012440
久我山,26512460
久喜,44012470
久住,52512700
久地,18512560
久米川,35012930
久里浜,12013050
宮ノ下,26038290
宮の坂,23538270
宮ノ前,8538320
宮ノ平,32538310
宮原,758538330
宮崎台,23038250
宮山,19538390
宮前平,23038350
求名,61512900
牛込神楽坂,7050030
牛込柳町,7050025
牛田,44004220
牛浜,32504240
京王よみうりランド,29013390
京王稲田堤,29013320
京王永山,29013360
京王多摩センター,29013350
京王多摩川,29013340
京王八王子,28013370
京王片倉,29513330
京王堀之内,29013380
京急蒲田,10013410
京急久里浜,11513430
京急新子安,9513440
京急川崎,10513420
京急大津,9513400
京急長沢,11513480
京急鶴見,9513460
京急田浦,9513450
京急東神奈川,9527020
京急富岡,9513470
京橋,1012060
京成稲毛,56513500
京成臼井,55513520
京成曳舟,54013670
京成関屋,55513590
京成金町,55013550
京成高砂,56313600
京成佐倉,55513570
京成酒々井,55513580
京成小岩,55513560
京成上野,56313510
京成成田,55513650
京成西船,55513660
京成千葉,56513620
京成船橋,55513680
京成大久保,55513530
京成大和田,55513540
京成中山,55513640
京成津田沼,53513630
京成八幡,55513710
京成幕張,56513690
京成幕張本郷,56513700
京成立石,54013610
競艇場前,31011990
強羅,26214420
橋本,29030490
狭間,29530430
狭山ヶ丘,37016560
狭山市,35016570
極楽寺,15014710
玉川学園前,24023460
玉川上水,30023470
玉淀,38523620
錦糸町,4553960
金子,34008780
金沢八景,14008650
金沢文庫,9508660
金町,50008700
銀座,2012200
銀座一丁目,4012210
九重,62514780
九段下,6512720
九品仏,21512830
駒込,5015330
駒場東大前,26515370
駒沢大学,23015340
空港第２ビル,56312430
熊川,33012850
熊谷,49012840
熊野前,76512890
栗橋,47013040
栗平,25013060
君ヶ浜,71563475
君津,62511830
軍畑,32501940
恵比寿,2005050
経堂,24012020
穴守稲荷,10001130
穴川,59501110
穴部,73563820
月島,7024650
検見川,56513780
検見川浜,60013790
県庁前,59513820
県立大学,9513490
見沼代親水公園,76580824
元加治,37039230
元山,53539330
元住吉,20539270
元町・中華街,64554035
原市,42531230
原宿,531250
原当麻,19531260
原木中山,2531240
古淵,19015200
古里,32515490
戸越,5526080
戸越銀座,20026090
戸越公園,21526100
戸塚,17026210
戸塚安行,64053840
戸田,39526150
戸田公園,39526170
戸部,9526340
湖北,52515220
虎ノ門,1026650
虎ノ門ヒルズ,2084580
五井,63013840
五月台,25016350
五香,53514750
五反田,5514970
五反野,44014980
五百羅漢,73563815
後楽園,5014430
御花畑,49007130
御宿,61007420
御成門,6007040
御茶ノ水,1506970
御徒町,12506530
御嶽山,20007440
護国寺,4014760
光が丘,7032620
光風台,63014340
公園,54513920
公園上,26282520
公津の杜,55514180
厚木,24501050
向ヶ丘遊園,24038610
向河原,18538590
向原,8538630
幸浦,14016340
幸手,47016370
幸谷,52014380
広瀬川原,49053972
広尾,2033410
庚申塚,8514060
弘明寺,17012920
江ノ島,15005010
江古田,37004830
江戸川,55504920
江戸川橋,4004940
江戸川台,49504930
江田,23004880
江北,76580819
港町,10537240
港南台,13014260
港南中央,17014270
溝の口,23036850
甲州街道,30014050
綱島,22024880
航空公園,35013970
荒川一中前,8550070
荒川区役所前,8501470
荒川七丁目,8501490
荒川車庫前,8501480
荒川二丁目,8501500
荒川遊園地前,8501510
行田,758511960
行田市,49011970
行徳,2512030
香取,60508620
香川,19507580
高井戸,26522170
高円寺,57313930
高根公団,53522480
高根木戸,53522470
高座渋谷,25513980
高坂,38522230
高松,30022550
高滝,63022320
高津,23022390
高田,77080829
高田馬場,35022350
高島町,17022290
高島平,6022280
高幡不動,30022520
高尾,29522180
高尾山口,29522210
高野,76580818
高柳,49522610
高輪ゲートウェイ,12584570
高輪台,5522460
高麗,37015240
高麗川,34015280
鴻巣,758514300
豪徳寺,24014220
麹町,4014020
国会議事堂前,3015020
国際展示場,9014660
国道,13514680
国府台,55514310
国府津,758514160
国分寺,31514690
国立,30512780
国立競技場,7014730
国領,28014740
鵠沼,15012500
鵠沼海岸,25512510
黒川,25013140
腰越,15014830
狛江,24015260
今羽,42515590
根岸,13029850
根津,3029860
根府川,16029870
佐原,60516650
佐倉,58516030
砂川七番,30020760
座間,24516490
坂戸,39015870
阪東橋,17031470
鷺ノ宮,35015990
鷺沼,23015980
作草部,59516010
桜ヶ丘,25516070
桜街道,30016060
桜上水,28016130
桜新町,23016140
桜台,37016150
桜沢,49016110
桜木,59516090
桜木町,17016100
笹川,52516250
笹塚,28016280
雑司が谷,4380845
雑色,9521660
鮫洲,9516530
三ツ境,17536970
三ツ沢下町,17037010
三ツ沢上町,17037000
三ノ輪,2038130
三ノ輪橋,8538140
三浦海岸,11536260
三越前,4536980
三河島,50036460
三郷,33536710
三郷中央,76076105
三軒茶屋,23516720
三咲,53536660
三崎口,11536680
三鷹,57336880
三鷹台,26536890
三田,6036860
三門,61036310
参宮橋,24016710
山下,23540270
山手,13040360
山田,29540320
山北,16540230
産業振興センター,14016690
四ツ谷,5041160
四ツ木,54041140
四街道,58541130
四谷三丁目,1541170
姉ヶ崎,62501140
子安,9515450
市が尾,23002970
市ヶ谷,6502980
市場前,7580000
市川,58002990
市川塩浜,60003010
市川真間,55503020
市川大野,33503000
市大医学部,14017360
市役所前,59518380
志久,42517240
志村坂上,6017790
志村三丁目,6017800
志津,55517410
志茂,5017810
志木,38517200
指扇,40016330
児玉,34014960
持田,49039210
自由が丘,21518410
蒔田,17035520
汐入,9517030
汐留,7553930
鹿島田,18507950
七光台,49527830
七里,49527840
七里ヶ浜,15017400
実籾,55538200
篠崎,6517480
柴崎,28017580
柴崎体育館,30017590
柴又,55017620
芝浦ふ頭,7517560
芝公園,6017570
芝山千代田,55753925
舎人,76580823
舎人公園,76580822
社家,19518400
若松河田,7050020
若葉,38541600
若葉台,29041610
若林,23541620
酒々井,52517320
宗吾参道,55521630
秋山,56000490
秋川,33000450
秋津,37000470
秋葉原,76000480
習志野,53527980
住吉,6520870
十条,39518440
十二橋,60518470
十日市場,19025590
渋沢,24517630
渋谷,26517640
宿河原,18518510
春日,7008030
春日部,49508090
初石,49530720
初台,27530800
初富,53530840
所沢,37026120
曙橋,6500590
女子大,54518780
勝どき,7050055
勝浦,61008490
勝田台,55508540
小岩,57313900
小机,19015030
小宮,34015390
小金城趾,52014560
小見川,52507190
小作,32506800
小室,56015400
小手指,37015050
小菅,44014900
小川,32006610
小川町,38506630
小前田,49007180
小倉台,59506720
小村井,44507200
小台,8506850
小竹向原,3514950
小伝馬町,2015070
小田栄,18584015
小田急永山,25006890
小田急相模原,24506870
小田急多摩センター,25006880
小田原,73506930
小島新田,10514860
小平,35514930
小涌谷,26015540
小林,52515170
小櫃,63507150
昭島,32500460
昭和,13518750
昭和島,8018760
松が谷,30035880
松陰神社前,23518530
松岸,58535890
松久,34036050
松原,23536030
松戸,53535990
松戸新田,53536000
松田,16535950
松飛台,56036060
松尾,58535830
沼袋,35029830
沼南,42518640
沼部,21029840
湘南海岸公園,15018660
湘南江の島,14518650
湘南深沢,14518680
湘南台,17018670
湘南町屋,14518690
鐘ヶ淵,44008770
上井草,35009040
上永谷,17009260
上強羅,26282795
上熊谷,49009150
上溝,19509430
上星川,17509360
上石神井,35009200
上総一ノ宮,61008110
上総久保,63008180
上総牛久,63008120
上総三又,63008230
上総山田,63008260
上総清川,63508170
上総川間,63008160
上総村上,63008250
上総鶴舞,63008190
上総湊,62508240
上大井,16509080
上大岡,17009090
上中里,12509240
上町,23509410
上長瀞,49009250
上板橋,38509050
上尾,758500530
上福岡,38509340
上北台,30009140
上北沢,28009130
上本郷,53509390
上野,2004030
上野御徒町,7050035
上野広小路,1004070
上野毛,21509280
常盤平,53525990
尻手,18517430
信濃町,57317470
新井宿,64053835
新井薬師前,35001440
新羽,17029640
新浦安,60019090
新越谷,44019520
新横浜,17020390
新河岸,38519210
新鎌ヶ谷,56319270
新丸子,20520280
新橋,7520110
新狭山,35019630
新郷,49019460
新検見川,57319440
新古河,47019500
新御茶ノ水,3019190
新御徒町,76050040
新庚申塚,8519480
新江古田,7019110
新高円寺,1519470
新高島,64554015
新高島平,6019810
新座,33528210
新桜台,3519600
新三河島,55520290
新三郷,33520300
新子安,12519550
新柴又,56019660
新秋津,33518980
新習志野,60020050
新宿,24019670
新宿御苑前,1519680
新宿三丁目,6519690
新宿西口,7050010
新所沢,35019960
新小岩,58019450
新小金井,31019510
新小平,33519530
新松戸,33520270
新松田,24520260
新杉田,14019740
新整備場,8019760
新千葉,56519860
新川崎,758019290
新船橋,49520190
新代田,26519800
新大久保,519120
新大津,11519150
新大塚,1519160
新中野,1520030
新津田沼,53519870
新田,44019900
新日本橋,58020080
新馬場,9520140
新柏,49519220
新白岡,758019720
新八柱,33520360
新板橋,6019040
新百合ヶ丘,25020370
新富町,4019980
新豊洲,7580005
新茂原,61020330
新木,52501530
新木場,9019330
森下,7039490
森林公園,38520410
深谷,758533560
真鶴,16036110
神楽坂,2507710
神泉,26519790
神谷町,2009450
神田,1010270
神奈川,9508630
神奈川新町,9508640
神武寺,11020310
神保原,758520230
神保町,6520210
秦野,24530640
親鼻,49007260
人形町,5529780
逗子,758020640
逗子・葉山,11019750
吹上,758533580
水郷,52520440
水天宮前,4520460
水道橋,6020470
瑞江,6536730
杉戸高野台,47020590
杉田,9520580
菅野,55520540
世田谷,23521210
世田谷代田,24021220
瀬谷,17521310
是政,31015520
成城学園前,24020990
成瀬,19028070
成増,38528040
成田,52528010
成田空港,56328020
成田湯川,56303995
成東,61528090
整備場,8031030
星川,17534990
清水公園,49517750
清澄白河,7050050
清瀬,37012120
生田,24001950
生麦,9527900
聖蹟桜ヶ丘,28021020
西ヶ原,5028560
西ヶ原四丁目,8528570
西羽生,49029320
西浦和,33528360
西永福,26528380
西横浜,17529560
西荻窪,57328500
西海鹿島,71563465
西葛西,2528520
西鎌倉,14528580
西高島平,6029010
西国分寺,33528740
西国立,18528700
西所沢,36029090
西小山,20528780
西新井,45028310
西新井大師西,76580820
西新宿,1528860
西新宿五丁目,7028870
西千葉,57329050
西川越,40028610
西川口,12628600
西船橋,59029360
西早稲田,4380840
西巣鴨,6028890
西太子堂,23528990
西台,6028980
西大井,758028400
西大家,39028480
西大宮,40042510
西大原,62028470
西大島,6528430
西谷,18329450
西調布,28029060
西登戸,56529200
西日暮里,76529160
西馬込,5529410
西白井,56028840
西八王子,30529300
西府,18542410
西武園,34521030
西武園ゆうえんち,36540620
西武球場前,36521040
西武新宿,35021050
西武秩父,38021070
西武柳沢,35021080
西武立川,35521060
西立川,32529020
青井,76076090
青海,7500230
青山一丁目,7000250
青砥,56300190
青梅,32505340
青梅街道,31505350
青物横丁,9500240
青堀,62500220
青葉台,23000210
石原,49002410
石上,15002130
石神井公園,37018350
石神前,32502140
石川台,20002180
石川町,13002190
赤羽,758500380
赤羽岩淵,64000390
赤羽橋,7050065
赤坂,3000300
赤坂見附,1500320
赤土小学校前,76580815
雪が谷大塚,20040690
仙川,28021360
千歳烏山,28024130
千歳船橋,24024140
千住大橋,55521440
千城台,59524040
千城台北,59524050
千石,6021410
千川,4321350
千駄ヶ谷,57321520
千駄木,3021530
千鳥町,20024160
千葉,59524180
千葉ニュータウン中央,56324230
千葉みなと,59524240
千葉公園,59524190
千葉寺,57024220
千葉中央,57024210
川井,32509830
川越,38509900
川越市,38509910
川角,39009860
川間,49510140
川口,12609870
川口元郷,64053820
川崎,18509920
川崎新町,18509930
川崎大師,10509940
川和町,77080825
扇大橋,76580817
扇町,13505170
泉岳寺,9521340
泉体育館,30002500
浅草,76076085
浅草橋,5500680
浅野,13500730
洗足,20521470
洗足池,20021480
船橋,49534480
船橋競馬場,55534490
船橋日大前,59034500
船橋法典,33534510
船堀,6534520
前原,53535570
善行,25521370
祖師ヶ谷大蔵,24021760
蘇我,62521750
倉橋,58512990
倉見,19513030
早稲田,8541740
早雲山,26282960
早川,16031190
巣鴨,6020550
巣鴨新田,8520560
相原,19000130
相武台下,19521720
相武台前,24521730
相模金子,16515930
相模原,19015960
相模湖,30515940
相模沼田,73563830
相模大塚,17515910
相模大野,25515920
草加,44021610
増尾,49535730
蔵前,7013010
足柄,24553910
足立小台,76580816
袖ヶ浦,62521770
村上,59038960
多摩センター,30023490
多摩境,29023480
多摩湖,31521090
多摩川,21023450
多摩動物公園,30023550
多磨,31023590
多磨霊園,28023640
太東,61021980
代々木,7041280
代々木公園,3041300
代々木上原,24041290
代々木八幡,24041310
代官山,22021850
代田橋,28021960
台場,7522030
大井競馬場前,8005410
大井町,9005480
大磯,758505460
大岡山,21505520
大貫,62506140
大久保,57305600
大宮,42506310
大宮公園,49506330
大原,62006200
大戸,52506060
大口,19005590
大佐倉,55505800
大崎,9005780
大崎広小路,20005790
大山,38506420
大師橋,10516700
大師前,45021910
大手町,6006050
大森,12506360
大森海岸,9506380
大森台,57006390
大森町,9506400
大神宮下,55521940
大泉学園,37005440
大船,14506240
大倉山,22005650
大袋,44006230
大町,56006270
大鳥居,10006110
大塚,506000
大塚・帝京大学,30006010
大塚駅前,8506020
大島,6505850
大麻生,49005370
大網,61505390
大門,7022090
大野原,49006160
大雄山,73563855
大和,17540370
大和田,49506450
鷹の台,32022490
滝不動,53522810
滝野川一丁目,8522780
辰巳,4023180
谷在家,76580821
谷津,55540000
谷塚,44040010
谷保,18540200
丹荘,34023760
淡路町,1501720
男衾,38507170
地下鉄成増,4304760
地下鉄赤塚,4304750
地区センター,54523910
池ノ上,26502030
池上,20001970
池尻大橋,23002000
池袋,38502060
築地,2024620
築地市場,7050060
竹ノ塚,44022940
竹岡,62522840
竹橋,2522950
竹芝,7522890
竹沢,34022870
秩父,49024090
中井,7026830
中浦和,39526900
中延,5527370
中央大学・明星大学,30024320
中央林間,25524340
中河原,28027000
中学校,54524350
中強羅,26283070
中山,77027620
中神,32526970
中川,17026980
中村橋,37027570
中田,17027160
中板橋,38526860
中目黒,22027580
中野,2527280
中野坂上,7027320
中野新橋,1527360
中野島,18527340
中野富士見町,1527380
仲ノ町,71563445
仲御徒町,2026940
仲町台,17027500
彫刻の森,26024400
朝霞,38500620
朝霞台,38500630
潮見,60017090
町屋,55535790
町屋駅前,8535800
町屋二丁目,8535810
町田,24035780
調布,29024440
銚子,71524410
長浦,62526880
長原,20027430
長後,25524390
長者町,61024430
長沼,28027270
長谷,15030550
長津田,19027240
長瀞,49027260
鳥浜,14026750
津久井浜,11524690
津田山,18524790
津田沼,58024780
椎柴,52516950
椎名町,37016970
追浜,9506990
塚原,73563840
塚田,49524560
辻堂,758524740
鶴ヶ島,38524970
鶴ヶ峰,17524980
鶴巻温泉,24525060
鶴間,25525040
鶴見,13525070
鶴見市場,9525080
鶴見小野,13525090
鶴瀬,38525010
鶴川,24024990
程久保,30035160
的場,40036090
鉄道博物館,42506130
天王洲アイル,8025440
天王台,50025450
天王町,17525460
天空橋,8025350
天台,59525400
田浦,12022120
田園調布,20525320
田原町,1023730
田端,12523410
田町,12523500
田奈,23023250
田無,35023300
登戸,24030130
都賀,59524530
都筑ふれあいの丘,77080826
都庁前,7026200
都電雑司ヶ谷,8521650
都立家政,35026720
都立大学,22026730
土気,61026070
土呂,758026770
唐木田,25009710
塔ノ沢,26025750
東あずま,44531570
東浦和,33531670
東雲,9017510
東横田,63532570
東我孫子,52531580
東海神,59031750
東海大学前,24525580
東岩槻,49531640
東久留米,37031890
東宮原,42532460
東京,1525620
東京テレポート,9025630
東京国際クルーズターミナル,7534550
東金,61525610
東銀座,5531870
東戸塚,758032070
東向島,44032480
東行田,49031850
東高円寺,1531910
東山田,77080828
東山北,16532530
東秋留,33031560
東十条,12531960
東所沢,33532060
東小金井,30531920
東松原,26532410
東松戸,56332400
東松山,38532420
東新宿,7050015
東神奈川,19031790
東逗子,12031980
東成田,55732150
東清川,63531860
東青梅,32531680
東千葉,58532030
東川口,64031820
東船橋,57332350
東村山,32032490
東大宮,758031720
東大前,5025730
東大島,6531700
東大和市,35532550
東池袋,4031600
東池袋四丁目,8531610
東中山,55532130
東中神,32532090
東中野,7032110
東長崎,37032100
東日本橋,5532170
東白楽,22032210
東飯能,37032260
東尾久三丁目,8531740
東府中,28032330
東武竹沢,38525820
東武動物公園,47025850
東武練馬,38525870
東伏見,35032310
東福生,34032340
東北沢,24031840
東毛呂,39032500
東門前,10532510
東葉勝田台,59025890
東陽町,2525900
東林間,25532590
東浪見,61026670
東鷲宮,758032600
湯河原,16040680
湯島,3040710
等々力,21526240
藤が丘,23033850
藤の牛島,49533960
藤沢,15033900
藤沢本町,25533910
藤野,30533950
動物公園,59525840
読売ランド前,24041270
那古船形,62527720
内幸町,6004290
内宿,42504300
南阿佐ヶ谷,1537270
南羽生,44037700
南浦和,33537350
南越谷,33537500
南橋本,19537690
南栗橋,47037470
南古谷,40037770
南行徳,2537450
南砂町,2537570
南桜井,49537520
南酒々井,58537540
南新宿,24037560
南千住,76037600
南船橋,60037760
南多摩,18537650
南太田,9537370
南大沢,29037360
南大塚,35037380
南町田グランベリーパーク,23037790
南柏,50037420
南鳩ヶ谷,64053825
南部市場,14028180
南平,28037620
南万騎が原,18037780
南与野,39537840
南流山,76037670
南林間,25537850
二宮,758529690
二子玉川,21534230
二子新地,23034220
二俣新町,60034280
二俣川,18034270
二俣尾,32534260
二和向台,53534300
日の出,7532960
日ノ出町,9532970
日吉,77033150
日吉本町,77080830
日向,58533100
日向和田,32532920
日進,40029600
日比谷,6033040
日暮里,56329650
日本橋,5529710
日本大通り,64554030
日野,30532940
入間市,37003770
入生田,26003710
入曽,35003720
入谷,19503750
乃木坂,3030010
能見台,9529940
波久礼,49030310
馬橋,52036120
馬喰横山,6530340
馬喰町,58030330
馬込,5535690
馬込沢,49535700
馬車道,64554025
馬堀海岸,9536130
馬来田,63535630
馬立,63004510
拝島,35530150
梅ヶ丘,24004590
梅屋敷,9504660
梅郷,49504620
梅島,44004630
萩山,31530230
柏,49507970
柏たなか,76076135
柏の葉キャンパス,76076130
白井,56018890
白岡,758018800
白楽,22030290
白金高輪,6018940
白金台,6018930
白山,6030270
白糸台,31011360
箱根ヶ崎,34030400
箱根湯本,26030410
箱根板橋,26030390
幡ヶ谷,27530610
八王子,34030660
八王子みなみ野,19030670
八街,58539960
八景島,14030740
八広,54040170
八坂,31539850
八積,61040020
八千代台,55539970
八千代中央,59039980
八千代緑が丘,59039990
八柱,53540140
八丁畷,9530810
八丁堀,2030820
八潮,76076100
八日市場,58540820
八幡山,28030710
八幡宿,62540570
八木崎,49539730
鉢形,38530680
鳩ヶ谷,64053830
半蔵門,4531420
反町,22023830
板橋,39502890
板橋区役所前,6002900
板橋本町,6002910
飯岡,58501800
飯山満,59030440
飯倉,58501810
飯田岡,73563825
飯田橋,7001820
飯能,37031480
番田,19531440
飛鳥山,8500980
飛田給,28026310
尾久,43006650
尾山台,21507280
姫宮,44033090
百合ヶ丘,24040770
百草園,28039160
氷川台,4332630
表参道,4507240
鰭ヶ崎,52033400
品川,9517460
品川シーサイド,9053940
浜金谷,62531060
浜松町,8031160
浜川崎,18531070
浜町,6531100
浜田山,26531090
浜野,62531130
不動前,20534410
富士フイルム前,73563850
富士見ヶ丘,26534030
富士見台,37034040
富士見町,14534050
富水,24526410
布佐,52533770
布田,28034190
府中,28034340
府中競馬正門前,27034350
府中本町,33534360
浮間舟渡,39504140
武州荒木,49034090
武州長瀬,39034120
武州唐沢,39034100
武川,49022850
武蔵引田,33038830
武蔵浦和,33538700
武蔵横手,37038880
武蔵関,35038780
武蔵境,31038740
武蔵五日市,33038690
武蔵溝ノ口,18538860
武蔵高萩,40038790
武蔵砂川,35538770
武蔵小金井,30538710
武蔵小山,20538730
武蔵小杉,39538720
武蔵新城,18538760
武蔵新田,21038810
武蔵増戸,33038850
武蔵大和,31538870
武蔵中原,18538800
武蔵藤沢,37038840
武蔵白石,13538750
武蔵野台,28038820
武蔵嵐山,38538890
武里,44022860
舞岡,17035480
舞浜,60035540
風祭,26007840
福浦,14033620
福生,32534390
福俵,61533690
淵野辺,19034330
仏子,37033800
物井,58539360
分倍河原,28034560
平井,57333190
平間,18533360
平山城址公園,28033390
平沼橋,17533310
平塚,758533280
平和台,52034670
平和島,9534650
並木中央,14027930
並木北,14027920
片瀬江ノ島,25508400
片瀬山,14508410
片倉,19008370
片倉町,17008380
弁天橋,13534790
保谷,37034910
保田,62535070
保土ヶ谷,758035150
宝町,5522650
方南町,1534900
豊四季,49526530
豊洲,7526540
豊春,49526620
豊田,30526550
豊島園,7026130
北綾瀬,3010900
北浦和,12610970
北越谷,44011170
北鎌倉,758011100
北茅ヶ崎,19511370
北久里浜,11511120
北戸田,39511390
北鴻巣,758511140
北国分,56011160
北坂戸,38511190
北参道,4380835
北山田,77080827
北習志野,59011400
北春日部,44011050
北初富,53511500
北小金,50011150
北松戸,50011570
北上尾,758510880
北新横浜,17011280
北赤羽,39510870
北千住,76011310
北千束,21511320
北大宮,49511000
北池袋,38510930
北朝霞,33510890
北柏,50011040
北八王子,34011490
北品川,9511210
北府中,33511550
北本,758511600
北野,29511420
北与野,39511630
堀ノ内,11535240
堀切,44035200
堀切菖蒲園,55535210
本郷三丁目,7035340
本郷台,13035350
本駒込,5035370
本厚木,24535270
本鵠沼,25535300
本所吾妻橋,5535380
本庄,758535390
本庄早稲田,42054045
本千葉,62535430
本川越,35035290
本銚子,71563455
本納,61035460
本八幡,6539350
本蓮沼,6039290
麻布十番,7000800
幕張,57335640
幕張本郷,57335650
末広町,1020510
万願寺,30036220
妙典,2538520
妙蓮寺,22038540
明覚,34038420
明戸,49000570
明治神宮前,4339010
明大前,28039030
面影橋,8507220
茂原,61039370
毛呂,34039590
木下,52510630
木更津,63510750
木場,2511770
目黒,6039110
目白,539120
目白山下,14539140
門前仲町,7039600
門沢橋,19508580
野上,49029990
野田市,49530060
野島公園,14030040
野方,35029980
弥生台,18040540
矢口渡,21039810
矢向,18539830
矢切,56039760
矢川,18539710
矢部,19040190
矢野口,18540120
薬園台,53539780
柳小路,15040090
柳瀬川,38540110
柳生,47039750
有楽町,4040650
有明,7501580
有明テニスの森,7579995
由比ヶ浜,15040600
祐天寺,22040640
与野,12641220
与野本町,39541230
誉田,61035410
洋光台,13040830
用賀,23040800
用土,34040840
要町,4308710
踊場,17007020
落合,2506940
落合南長崎,7006960
立会川,9523090
立場,17023200
立川,32523100
立川南,30023120
立川北,30023110
立飛,30023150
流山,52027670
流山おおたかの森,76076125
流山セントラルパーク,76076120
流通センター,8041350
溜池山王,5023660
両国,7050045
緑が丘,21537110
緑園都市,18041390
緑町,73563805
鈴木町,10520680
恋ヶ窪,32013850
練馬,7029900
練馬高野台,37029920
練馬春日町,7029910
蓮根,6030540
蓮沼,20030530
蓮田,758030520
浪花,61027940
六浦,11038930
六会日大前,25538920
六郷土手,9541470
六実,49538950
六町,76076095
六本木,7041560
六本木一丁目,5041570
和戸,44041850
和光市,38541690
和泉多摩川,24002510
和田河原,73563845
和田町,17541790
和田塚,15041800
和銅黒谷,49013260
鷲宮,44041720
蕨,12641880
屏風浦,9533140
獨協大学前,44036040
籠原,758507750
糀谷,10014030
茗荷谷,1538430
葭川公園,59540980
螢田,24535090
鶯谷,12504160