station_name,ek
東京,000525620
有楽町,000540650
新橋,000520110
浜松町,000531160
田町,000523500
高輪ゲートウェイ,000584570
品川,000517460
大崎,000505780
五反田,000514970
目黒,000539110
恵比寿,000505050
渋谷,000517640
原宿,000531250
代々木,000541280
新宿,000519670
新大久保,000519120
高田馬場,000522350
目白,000539120
池袋,000502060
大塚,000506000
巣鴨,000520550
駒込,000515330
田端,000523410
西日暮里,000529160
日暮里,000529650
鶯谷,000504160
上野,000504030
御徒町,000506530
秋葉原,000500480
神田,000510270
赤羽,012500380
東十条,012531960
王子,012505180
上中里,012509240
田端,012523410
西日暮里,012529160
日暮里,012529650
鶯谷,012504160
上野,012504030
御徒町,012506530
秋葉原,012500480
神田,012510270
東京,012525620
有楽町,012540650
新橋,012520110
浜松町,012531160
田町,012523500
高輪ゲートウェイ,012584570
品川,012517460
大井町,012505480
大森,012506360
蒲田,012508940
東京,016025620
新橋,016020110
品川,016017460
品川,050017460
新橋,050020110
東京,050025620
上野,050004030
日暮里,050029650
三河島,050036460
南千住,050037600
北千住,050011310
綾瀬,050001370
亀有,050009490
金町,050008700
矢野口,018540120
稲城長沼,018503240
南多摩,018537650
府中本町,018534360
分倍河原,018534560
西府,018542410
谷保,018540200
矢川,018539710
西国立,018528700
立川,018523100
成瀬,019028070
町田,019035780
相原,019000130
八王子みなみ野,019030670
片倉,019008370
八王子,019030660
東京,012025620
新橋,012020110
品川,012017460
西大井,012028400
東京,030525620
神田,030510270
御茶ノ水,030506970
水道橋,030520470
飯田橋,030501820
市ヶ谷,030502980
四ツ谷,030541160
信濃町,030517470
千駄ヶ谷,030521520
代々木,030541280
新宿,030519670
大久保,030505600
東中野,030532110
中野,030527280
高円寺,030513930
阿佐ヶ谷,030500640
荻窪,030506640
西荻窪,030528500
吉祥寺,030511640
三鷹,030536880
武蔵境,030538740
東小金井,030531920
武蔵小金井,030538710
国分寺,030514690
西国分寺,030528740
国立,030512780
立川,030523100
日野,030532940
豊田,030526550
八王子,030530660
西八王子,030529300
高尾,030522180
立川,032523100
西立川,032529020
東中神,032532090
中神,032526970
昭島,032500460
拝島,032530150
牛浜,032504240
福生,032534390
羽村,032531170
小作,032506800
河辺,032508860
東青梅,032531680
青梅,032505340
宮ノ平,032538310
日向和田,032532920
石神前,032502140
二俣尾,032534260
軍畑,032501940
川井,032509830
古里,032515490
拝島,033030150
熊川,033012850
東秋留,033031560
秋川,033000450
武蔵引田,033038830
武蔵増戸,033038850
武蔵五日市,033038690
府中本町,033534360
北府中,033511550
西国分寺,033528740
新小平,033519530
新秋津,033518980
八王子,034030660
北八王子,034011490
小宮,034015390
拝島,034030150
東福生,034032340
箱根ヶ崎,034030400
西大井,039528400
大崎,039505780
恵比寿,039505050
渋谷,039517640
新宿,039519670
池袋,039502060
板橋,039502890
十条,039518440
赤羽,039500380
北赤羽,039510870
浮間舟渡,039504140
東京,040525620
上野,040504030
尾久,040506650
赤羽,040500380
東京,043025620
上野,043004030
尾久,043006650
赤羽,043000380
小岩,057313900
新小岩,057319450
平井,057333190
亀戸,057309500
錦糸町,057312220
両国,057341380
浅草橋,057300680
秋葉原,057300480
御茶ノ水,057306970
水道橋,057320470
飯田橋,057301820
市ヶ谷,057302980
四ツ谷,057341160
信濃町,057317470
千駄ヶ谷,057321520
代々木,057341280
新宿,057319670
大久保,057305600
東中野,057332110
中野,057327280
高円寺,057313930
阿佐ヶ谷,057300640
荻窪,057306640
西荻窪,057328500
吉祥寺,057311640
三鷹,057336880
東京,058025620
新日本橋,058020080
馬喰町,058030330
錦糸町,058012220
新小岩,058019450
東京,060025620
八丁堀,060030820
越中島,060004910
潮見,060017090
新木場,060019330
葛西臨海公園,060007770
赤羽,758000380
池袋,758002060
新宿,758019670
渋谷,758017640
恵比寿,758005050
大崎,758005780
西大井,758028400
赤羽,758500380
池袋,758502060
新宿,758519670
渋谷,758517640
恵比寿,758505050
大崎,758505780
東京,015525620
品川,015517460
東京,041525620
上野,041504030
東京,042025620
上野,042004030
東京,043525620
上野,043504030
渋谷,001017640
表参道,001007240
外苑前,001007450
青山一丁目,001000250
赤坂見附,001000320
溜池山王,001023660
虎ノ門,001026650
新橋,001020110
銀座,001012200
京橋,001012060
日本橋,001029710
三越前,001036980
神田,001010270
末広町,001020510
上野広小路,001004070
上野,001004030
稲荷町,001003430
田原町,001023730
浅草,001000670
池袋,001502060
新大塚,001519160
茗荷谷,001538430
後楽園,001514430
本郷三丁目,001535340
御茶ノ水,001506970
淡路町,001501720
大手町,001506050
東京,001525620
銀座,001512200
霞ケ関,001508290
国会議事堂前,001515020
赤坂見附,001500320
四ツ谷,001541160
四谷三丁目,001541170
新宿御苑前,001519680
新宿三丁目,001519690
新宿,001519670
西新宿,001528860
中野坂上,001527320
中野新橋,001527360
中野富士見町,001527380
方南町,001534900
新中野,001520030
東高円寺,001531910
新高円寺,001519470
南阿佐ヶ谷,001537270
荻窪,001506640
中目黒,002027580
恵比寿,002005050
広尾,002033410
六本木,002041560
神谷町,002009450
虎ノ門ヒルズ,002084580
霞ケ関,002008290
日比谷,002033040
銀座,002012200
東銀座,002031870
築地,002024620
八丁堀,002030820
茅場町,002009680
人形町,002029780
小伝馬町,002015070
秋葉原,002000480
仲御徒町,002026940
上野,002004030
入谷,002003760
三ノ輪,002038130
南千住,002037600
北千住,002011310
中野,002527280
落合,002506940
高田馬場,002522350
早稲田,002541750
神楽坂,002507710
飯田橋,002501820
九段下,002512720
竹橋,002522950
大手町,002506050
日本橋,002529710
茅場町,002509680
門前仲町,002539600
木場,002511770
東陽町,002525900
南砂町,002537570
西葛西,002528520
葛西,002507760
代々木上原,003041290
代々木公園,003041300
明治神宮前,003039010
表参道,003007240
乃木坂,003030010
赤坂,003000300
国会議事堂前,003015020
霞ケ関,003008290
日比谷,003033040
大手町,003006050
新御茶ノ水,003019190
湯島,003040710
根津,003029860
千駄木,003021530
西日暮里,003029160
町屋,003035790
北千住,003011310
綾瀬,003001370
北綾瀬,003010900
新木場,004019330
辰巳,004023180
豊洲,004026540
月島,004024650
新富町,004019980
銀座一丁目,004012210
有楽町,004040650
永田町,004027210
麹町,004014020
市ヶ谷,004002980
飯田橋,004001820
江戸川橋,004004940
護国寺,004014760
東池袋,004031600
池袋,004002060
要町,004008710
千川,004021350
小竹向原,004014950
氷川台,004032630
平和台,004034660
地下鉄赤塚,004004750
地下鉄成増,004004760
渋谷,004517640
表参道,004507240
青山一丁目,004500250
永田町,004527210
半蔵門,004531420
九段下,004512720
神保町,004520210
大手町,004506050
三越前,004536980
水天宮前,004520460
清澄白河,004550050
住吉,004520870
錦糸町,004553960
押上,004506820
目黒,005039110
白金台,005018930
白金高輪,005018940
麻布十番,005000800
六本木一丁目,005041570
溜池山王,005023660
永田町,005027210
四ツ谷,005041160
市ヶ谷,005002980
飯田橋,005001820
後楽園,005014430
東大前,005025730
本駒込,005035370
駒込,005015330
西ヶ原,005028560
王子,005005180
王子神谷,005005830
志茂,005017810
赤羽岩淵,005000390
渋谷,004317640
明治神宮前,004339010
北参道,004380835
新宿三丁目,004319690
東新宿,004350015
西早稲田,004380840
雑司が谷,004380845
池袋,004302060
要町,004308710
千川,004321350
小竹向原,004314950
氷川台,004332630
平和台,004334660
地下鉄赤塚,004304750
地下鉄成増,004304760
小竹向原,003514950
新桜台,003519600
練馬,003529900
西武新宿,035021050
高田馬場,035022350
下落合,035017990
中井,035026830
新井薬師前,035001440
沼袋,035029830
野方,035029980
都立家政,035026720
鷺ノ宮,035015990
下井草,035017860
井荻,035001870
上井草,035009040
上石神井,035009200
武蔵関,035038780
東伏見,035032310
西武柳沢,035021080
田無,035023300
花小金井,035030900
小平,035014930
久米川,035012930
東村山,035032490
池袋,037002060
椎名町,037016970
東長崎,037032100
江古田,037004830
桜台,037016150
練馬,037029900
中村橋,037027570
富士見台,037034040
練馬高野台,037029920
石神井公園,037018350
大泉学園,037005440
保谷,037034910
ひばりヶ丘,037033000
東久留米,037031890
清瀬,037012120
秋津,037000470
小平,035514930
萩山,035530230
小川,035506610
東大和市,035532550
玉川上水,035523470
武蔵砂川,035538770
西武立川,035521060
拝島,035530150
多摩湖,036521090
国分寺,032014690
恋ヶ窪,032013850
鷹の台,032022490
小川,032006610
東村山,032032490
武蔵境,031038740
新小金井,031019510
多磨,031023590
白糸台,031011360
競艇場前,031011990
是政,031015520
国分寺,031514690
一橋学園,031532880
青梅街道,031505350
萩山,031530230
八坂,031539850
武蔵大和,031538870
多摩湖,031521090
西武園,034521030
豊島園,037526130
池袋,038502060
北池袋,038510930
下板橋,038517890
大山,038506420
中板橋,038526860
ときわ台,038525970
上板橋,038509050
東武練馬,038525870
下赤塚,038517820
成増,038528040
浅草,044000670
とうきょうスカイツリー,044028030
押上,044006820
曳舟,044032640
東向島,044032480
鐘ヶ淵,044008770
堀切,044035200
牛田,044004220
北千住,044011310
小菅,044014900
五反野,044014980
梅島,044004630
西新井,044028310
竹ノ塚,044022940
曳舟,044532640
小村井,044507200
東あずま,044531570
亀戸水神,044509510
亀戸,044509500
西新井,045028310
大師前,045021910
渋谷,022017640
代官山,022021850
中目黒,022027580
祐天寺,022040640
学芸大学,022007660
都立大学,022026730
自由が丘,022018410
田園調布,022025320
多摩川,022023450
渋谷,023017640
池尻大橋,023002000
三軒茶屋,023016720
駒沢大学,023015340
桜新町,023016140
用賀,023040800
二子玉川,023034230
つくし野,023024700
すずかけ台,023020660
南町田グランベリーパーク,023037790
五反田,020014970
大崎広小路,020005790
戸越銀座,020026090
荏原中延,020005020
旗の台,020030650
長原,020027430
洗足池,020021480
石川台,020002180
雪が谷大塚,020040690
御嶽山,020007440
久が原,020012440
千鳥町,020024160
池上,020001970
蓮沼,020030530
蒲田,020008940
目黒,020539110
不動前,020534410
武蔵小山,020538730
西小山,020528780
洗足,020521470
大岡山,020505520
奥沢,020506660
田園調布,020525320
多摩川,020523450
多摩川,021023450
沼部,021029840
鵜の木,021004470
下丸子,021018280
武蔵新田,021038810
矢口渡,021039810
蒲田,021008940
大井町,021505480
下神明,021518100
戸越公園,021526100
中延,021527370
荏原町,021505030
旗の台,021530650
北千束,021511320
大岡山,021505520
緑が丘,021537110
自由が丘,021518410
九品仏,021512830
尾山台,021507280
等々力,021526240
上野毛,021509280
二子玉川,021534230
三軒茶屋,023516720
西太子堂,023528990
若林,023541620
松陰神社前,023518530
世田谷,023521210
上町,023509410
宮の坂,023538270
山下,023540270
松原,023536030
下高井戸,023518140
西馬込,005529410
馬込,005535690
中延,005527370
戸越,005526080
五反田,005514970
高輪台,005522460
泉岳寺,005521340
三田,005536860
大門,005522090
新橋,005520110
東銀座,005531870
宝町,005522650
日本橋,005529710
人形町,005529780
東日本橋,005532170
浅草橋,005500680
蔵前,005513010
浅草,005500670
本所吾妻橋,005535380
押上,005506820
目黒,006039110
白金台,006018930
白金高輪,006018940
三田,006036860
芝公園,006017570
御成門,006007040
内幸町,006004290
日比谷,006033040
大手町,006006050
神保町,006020210
水道橋,006020470
春日,006008030
白山,006030270
千石,006021410
巣鴨,006020550
西巣鴨,006028890
新板橋,006019040
板橋区役所前,006002900
板橋本町,006002910
本蓮沼,006039290
志村坂上,006017790
志村三丁目,006017800
蓮根,006030540
西台,006028980
高島平,006022280
新高島平,006019810
西高島平,006029010
新宿,006519670
新宿三丁目,006519690
曙橋,006500590
市ヶ谷,006502980
九段下,006512720
神保町,006520210
小川町,006506620
岩本町,006503950
馬喰横山,006530340
浜町,006531100
森下,006539490
菊川,006510690
住吉,006520870
西大島,006528430
大島,006505850
東大島,006531700
船堀,006534520
一之江,006503060
瑞江,006536730
篠崎,006517480
新宿西口,007050010
東新宿,007050015
若松河田,007050020
牛込柳町,007050025
牛込神楽坂,007050030
飯田橋,007001820
春日,007008030
本郷三丁目,007035340
上野御徒町,007050035
新御徒町,007050040
蔵前,007013010
両国,007050045
森下,007039490
清澄白河,007050050
門前仲町,007039600
月島,007024650
勝どき,007050055
築地市場,007050060
汐留,007053930
大門,007022090
赤羽橋,007050065
麻布十番,007000800
六本木,007041560
青山一丁目,007000250
国立競技場,007014730
代々木,007041280
新宿,007019670
都庁前,007026200
西新宿五丁目,007028870
中野坂上,007027320
東中野,007032110
中井,007026830
落合南長崎,007006960
新江古田,007019110
練馬,007029900
豊島園,007026130
練馬春日町,007029910
光が丘,007032620
早稲田,008541740
面影橋,008507220
学習院下,008507670
鬼子母神前,008510820
都電雑司ヶ谷,008521650
東池袋四丁目,008531610
向原,008538630
大塚駅前,008506020
巣鴨新田,008520560
庚申塚,008514060
新庚申塚,008519480
西ヶ原四丁目,008528570
滝野川一丁目,008522780
飛鳥山,008500980
王子駅前,008505200
栄町,008515770
梶原,008508010
荒川車庫前,008501480
荒川遊園地前,008501510
小台,008506850
宮ノ前,008538320
熊野前,008512890
東尾久三丁目,008531740
町屋二丁目,008535810
町屋駅前,008535800
荒川七丁目,008501490
荒川二丁目,008501500
荒川区役所前,008501470
荒川一中前,008550070
三ノ輪橋,008538140
日暮里,076529650
西日暮里,076529160
赤土小学校前,076580815
熊野前,076512890
足立小台,076580816
扇大橋,076580817
高野,076580818
江北,076580819
西新井大師西,076580820
谷在家,076580821
舎人公園,076580822
舎人,076580823
見沼代親水公園,076580824
渋谷,026517640
神泉,026519790
駒場東大前,026515370
池ノ上,026502030
下北沢,026518010
新代田,026519800
東松原,026532410
明大前,026539030
永福町,026504780
西永福,026528380
浜田山,026531090
高井戸,026522170
富士見ヶ丘,026534030
久我山,026512460
三鷹台,026536890
井の頭公園,026503510
吉祥寺,026511640
東府中,027032330
府中競馬正門前,027034350
新宿,027519670
初台,027530800
幡ヶ谷,027530610
新宿,028019670
笹塚,028016280
代田橋,028021960
明大前,028039030
下高井戸,028018140
桜上水,028016130
上北沢,028009130
八幡山,028030710
芦花公園,028041450
千歳烏山,028024130
仙川,028021360
つつじヶ丘,028024850
柴崎,028017580
国領,028014740
布田,028034190
調布,028024440
西調布,028029060
飛田給,028026310
武蔵野台,028038820
多磨霊園,028023640
東府中,028032330
府中,028034340
分倍河原,028034560
中河原,028027000
聖蹟桜ヶ丘,028021020
百草園,028039160
高幡不動,028022520
南平,028037620
平山城址公園,028033390
長沼,028027270
北野,028011420
京王八王子,028013370
多摩動物公園,028523550
調布,029024440
京王多摩川,029013340
京王よみうりランド,029013390
稲城,029003230
京王永山,029013360
京王多摩センター,029013350
京王堀之内,029013380
南大沢,029037360
多摩境,029023480
北野,029511420
京王片倉,029513330
山田,029540320
めじろ台,029539130
狭間,029530430
高尾,029522180
高尾山口,029522210
青砥,054000190
京成立石,054013610
四ツ木,054041140
八広,054040170
京成曳舟,054013670
押上,054006820
京成高砂,055013600
柴又,055017620
京成金町,055013550
京成上野,055513510
日暮里,055529650
新三河島,055520290
町屋,055535790
千住大橋,055521440
京成関屋,055513590
堀切菖蒲園,055535210
お花茶屋,055507120
青砥,055500190
京成高砂,055513600
京成小岩,055513560
江戸川,055504920
泉岳寺,009521340
品川,009517460
北品川,009511210
新馬場,009520140
青物横丁,009500240
鮫洲,009516530
立会川,009523090
大森海岸,009506380
平和島,009534650
大森町,009506400
梅屋敷,009504660
京急蒲田,009513410
雑色,009521660
六郷土手,009541470
京急蒲田,010013410
糀谷,010014030
大鳥居,010006110
穴守稲荷,010001130
天空橋,010025350
羽田空港第１・第２ターミナル,010075910
新宿,024019670
南新宿,024037560
参宮橋,024016710
代々木八幡,024041310
代々木上原,024041290
東北沢,024031840
下北沢,024018010
世田谷代田,024021220
梅ヶ丘,024004590
豪徳寺,024014220
経堂,024012020
千歳船橋,024024140
祖師ヶ谷大蔵,024021760
成城学園前,024020990
喜多見,024011580
狛江,024015260
和泉多摩川,024002510
鶴川,024024990
玉川学園前,024023460
町田,024035780
小田急永山,025006890
小田急多摩センター,025006880
唐木田,025009710
多摩センター,030023490
松が谷,030035880
大塚・帝京大学,030006010
中央大学・明星大学,030024320
多摩動物公園,030023550
程久保,030035160
高幡不動,030022520
万願寺,030036220
甲州街道,030014050
柴崎体育館,030017590
立川南,030023120
立川北,030023110
高松,030022550
立飛,030023150
泉体育館,030002500
砂川七番,030020760
玉川上水,030023470
桜街道,030016060
上北台,030009140
新木場,009019330
東雲,009017510
国際展示場,009014660
東京テレポート,009025630
天王洲アイル,009025440
品川シーサイド,009053940
大井町,009005480
大崎,009005780
京成高砂,056013600
新柴又,056019660
浜松町,008031160
天王洲アイル,008025440
大井競馬場前,008005410
流通センター,008041350
昭和島,008018760
整備場,008031030
天空橋,008025350
新整備場,008019760
新橋,007520110
汐留,007553930
竹芝,007522890
日の出,007532960
芝浦ふ頭,007517560
お台場海浜公園,007506860
台場,007522030
東京国際クルーズターミナル,007534550
テレコムセンター,007525310
青海,007500230
有明,007501580
有明テニスの森,007579995
市場前,007580000
新豊洲,007580005
豊洲,007526540
赤羽岩淵,064000390
秋葉原,076000480
新御徒町,076050040
浅草,076076085
南千住,076037600
北千住,076011310
青井,076076090
六町,076076095
京成上野,056313510
日暮里,056329650
青砥,056300190
京成高砂,056313600
二子新地,021534220
高津,021522390
溝の口,021536850
新丸子,022020280
武蔵小杉,022038720
元住吉,022039270
日吉,022033150
綱島,022024880
大倉山,022005650
菊名,022010720
妙蓮寺,022038540
白楽,022030290
東白楽,022032210
反町,022023830
横浜,022040940
二子新地,023034220
高津,023022390
溝の口,023036850
梶が谷,023007890
宮崎台,023038250
宮前平,023038350
鷺沼,023015980
たまプラーザ,023023580
あざみ野,023000820
江田,023004880
市が尾,023002970
藤が丘,023033850
青葉台,023000210
田奈,023023250
長津田,023027240
つきみ野,023024660
中央林間,023024340
長津田,022527240
恩田,022507430
こどもの国,022515110
新丸子,020520280
武蔵小杉,020538720
元住吉,020539270
日吉,020533150
武蔵小杉,012038720
新川崎,012019290
横浜,012040940
保土ヶ谷,012035150
東戸塚,012032070
戸塚,012026210
大船,012006240
北鎌倉,012011100
鎌倉,012008890
逗子,012020640
東逗子,012031980
田浦,012022120
横須賀,012040890
衣笠,012011700
久里浜,012013050
川崎,012509920
鶴見,012525070
新子安,012519550
東神奈川,012531790
横浜,012540940
桜木町,012516100
関内,012510300
石川町,012502190
山手,012540360
根岸,012529850
磯子,012502800
新杉田,012519740
洋光台,012540830
港南台,012514260
本郷台,012535350
大船,012506240
横浜,013040940
桜木町,013016100
関内,013010300
石川町,013002190
山手,013040360
根岸,013029850
磯子,013002800
新杉田,013019740
洋光台,013040830
港南台,013014260
本郷台,013035350
大船,013006240
鶴見,013525070
国道,013514680
鶴見小野,013525090
弁天橋,013534790
浅野,013500730
安善,013501760
武蔵白石,013538750
浜川崎,013531070
昭和,013518750
扇町,013505170
川崎,016009920
横浜,016040940
戸塚,016026210
大船,016006240
藤沢,016033900
辻堂,016024740
茅ヶ崎,016023840
平塚,016033280
大磯,016005460
二宮,016029690
国府津,016014160
鴨宮,016009660
小田原,016006930
早川,016031190
根府川,016029870
真鶴,016036110
湯河原,016040680
山北,016540230
東山北,016532530
松田,016535950
相模金子,016515930
上大井,016509080
下曽我,016518110
国府津,016514160
川崎,018509920
尻手,018517430
八丁畷,018530810
川崎新町,018509930
小田栄,018584015
浜川崎,018531070
矢向,018539830
鹿島田,018507950
平間,018533360
向河原,018538590
武蔵小杉,018538720
武蔵中原,018538800
武蔵新城,018538760
武蔵溝ノ口,018538860
津田山,018524790
久地,018512560
宿河原,018518510
登戸,018530130
中野島,018527340
稲田堤,018503300
東神奈川,019031790
大口,019005590
菊名,019010720
新横浜,019020390
小机,019015030
鴨居,019009590
中山,019027620
十日市場,019025590
長津田,019027240
古淵,019015200
淵野辺,019034330
矢部,019040190
相模原,019015960
橋本,019030490
茅ヶ崎,019523840
北茅ヶ崎,019511370
香川,019507580
寒川,019516510
宮山,019538390
倉見,019513030
門沢橋,019508580
社家,019518400
厚木,019501050
海老名,019505090
入谷,019503750
相武台下,019521720
下溝,019518290
原当麻,019531260
番田,019531440
上溝,019509430
南橋本,019537690
橋本,019530490
相模湖,030515940
藤野,030533950
武蔵小杉,758038720
新川崎,758019290
横浜,758040940
保土ヶ谷,758035150
東戸塚,758032070
戸塚,758026210
大船,758006240
北鎌倉,758011100
鎌倉,758008890
逗子,758020640
武蔵小杉,758538720
横浜,758540940
戸塚,758526210
大船,758506240
藤沢,758533900
辻堂,758524740
茅ヶ崎,758523840
平塚,758533280
大磯,758505460
二宮,758529690
国府津,758514160
鴨宮,758509660
小田原,758506930
新横浜,015520390
小田原,015506930
羽沢横浜国大,039584040
武蔵小杉,039538720
京王稲田堤,029013320
若葉台,029041610
橋本,029030490
京急川崎,009513420
八丁畷,009530810
鶴見市場,009525080
京急鶴見,009513460
花月総持寺,009507720
生麦,009527900
京急新子安,009513440
子安,009515450
神奈川新町,009508640
京急東神奈川,009527020
神奈川,009508630
横浜,009540940
戸部,009526340
日ノ出町,009532970
黄金町,009514570
南太田,009537370
井土ヶ谷,009503190
弘明寺,009512910
上大岡,009509090
屏風浦,009533140
杉田,009520580
京急富岡,009513470
能見台,009529940
金沢文庫,009508660
金沢八景,009508650
追浜,009506990
京急田浦,009513450
安針塚,009501750
逸見,009534760
汐入,009517030
横須賀中央,009540900
県立大学,009513490
堀ノ内,009535240
京急大津,009513400
馬堀海岸,009536130
浦賀,009504680
京急川崎,010513420
港町,010537240
鈴木町,010520680
川崎大師,010509940
東門前,010532510
大師橋,010516700
小島新田,010514860
金沢八景,011008650
六浦,011038930
神武寺,011020310
逗子・葉山,011019750
堀ノ内,011535240
新大津,011519150
北久里浜,011511120
京急久里浜,011513430
ＹＲＰ野比,011541580
京急長沢,011513480
津久井浜,011524690
三浦海岸,011536260
三崎口,011536680
登戸,024030130
向ヶ丘遊園,024038610
生田,024001950
読売ランド前,024041270
百合ヶ丘,024040770
新百合ヶ丘,024020370
柿生,024007590
相模大野,024015920
相模大野,024515920
小田急相模原,024506870
相武台前,024521730
座間,024516490
海老名,024505090
厚木,024501050
本厚木,024535270
愛甲石田,024500050
伊勢原,024502750
鶴巻温泉,024525060
東海大学前,024525580
秦野,024530640
渋沢,024517630
新松田,024520260
開成,024507480
栢山,024509690
富水,024526410
螢田,024535090
足柄,024553910
小田原,024506930
新百合ヶ丘,025020370
五月台,025016350
栗平,025013060
黒川,025013140
はるひ野,025075895
相模大野,025515920
東林間,025532590
中央林間,025524340
南林間,025537850
鶴間,025525040
大和,025540370
桜ヶ丘,025516070
高座渋谷,025513980
長後,025524390
湘南台,025518670
六会日大前,025538920
善行,025521370
藤沢本町,025533910
藤沢,025533900
本鵠沼,025535300
鵠沼海岸,025512510
片瀬江ノ島,025508400
横浜,017540940
平沼橋,017533310
西横浜,017529560
天王町,017525460
星川,017534990
和田町,017541790
上星川,017509360
西谷,017529450
鶴ヶ峰,017524980
二俣川,017534270
希望ヶ丘,017511810
三ツ境,017536970
瀬谷,017521310
大和,017540370
相模大塚,017515910
さがみ野,017515950
かしわ台,017507980
海老名,017505090
二俣川,018034270
南万騎が原,018037780
緑園都市,018041390
弥生台,018040540
いずみ野,018002550
いずみ中央,018002520
ゆめが丘,018040740
湘南台,018018670
羽沢横浜国大,018384040
西谷,018329450
あざみ野,017000820
中川,017026980
センター北,017021500
センター南,017021510
仲町台,017027500
新羽,017029640
北新横浜,017011280
新横浜,017020390
岸根公園,017010780
片倉町,017008380
三ツ沢上町,017037000
三ツ沢下町,017037010
横浜,017040940
高島町,017022290
桜木町,017016100
関内,017010300
伊勢佐木長者町,017002680
阪東橋,017031470
吉野町,017041060
蒔田,017035520
弘明寺,017012920
上大岡,017009090
港南中央,017014270
上永谷,017009260
下永谷,017018210
舞岡,017035480
戸塚,017026210
踊場,017007020
中田,017027160
立場,017023200
下飯田,017017850
湘南台,017018670
中山,077027620
川和町,077080825
都筑ふれあいの丘,077080826
センター南,077021510
センター北,077021500
北山田,077080827
東山田,077080828
高田,077080829
日吉本町,077080830
日吉,077033150
横浜,064540940
新高島,064554015
みなとみらい,064554020
馬車道,064554025
日本大通り,064554030
元町・中華街,064554035
新杉田,014019740
南部市場,014028180
鳥浜,014026750
並木北,014027920
並木中央,014027930
幸浦,014016340
産業振興センター,014016690
福浦,014033620
市大医学部,014017360
八景島,014030740
海の公園柴口,014004560
海の公園南口,014004570
野島公園,014030040
金沢八景,014008650
藤沢,015033900
石上,015002130
柳小路,015040090
鵠沼,015012500
湘南海岸公園,015018660
江ノ島,015005010
腰越,015014830
鎌倉高校前,015008900
七里ヶ浜,015017400
稲村ヶ崎,015003400
極楽寺,015014710
長谷,015030550
由比ヶ浜,015040600
和田塚,015041800
鎌倉,015008890
大船,014506240
富士見町,014534050
湘南町屋,014518690
湘南深沢,014518680
西鎌倉,014528580
片瀬山,014508410
目白山下,014539140
湘南江の島,014518650
小田原,026006930
箱根板橋,026030390
風祭,026007840
入生田,026003710
箱根湯本,026030410
塔ノ沢,026025750
宮ノ下,026038290
小涌谷,026015540
彫刻の森,026024400
強羅,026014420
強羅,026214420
公園上,026282520
中強羅,026283070
上強羅,026282795
早雲山,026282960
小田原,073506930
緑町,073563805
井細田,073563810
五百羅漢,073563815
穴部,073563820
飯田岡,073563825
相模沼田,073563830
岩原,073563835
塚原,073563840
和田河原,073563845
富士フイルム前,073563850
大雄山,073563855
千葉,057324180
西千葉,057329050
稲毛,057303250
新検見川,057319440
幕張,057335640
幕張本郷,057335650
津田沼,057324780
東船橋,057332350
船橋,057334480
西船橋,057329360
下総中山,057317950
本八幡,057339350
市川,057302990
松戸,050035990
北松戸,050011570
馬橋,050036120
新松戸,050020270
北小金,050011150
南柏,050037420
柏,050007970
北柏,050011040
我孫子,050001190
天王台,050025450
佐倉,052516030
酒々井,052517320
成田,052528010
空港第２ビル,052512430
成田空港,052528020
久住,052512700
滑河,052527950
下総神崎,052517920
大戸,052506060
佐原,052516650
香取,052508620
水郷,052520440
小見川,052507190
笹川,052516250
下総橘,052517930
下総豊里,052517940
椎柴,052516950
松岸,052535890
銚子,052524410
我孫子,052501190
東我孫子,052531580
湖北,052515220
新木,052501530
布佐,052533770
木下,052510630
小林,052515170
安食,052500890
下総松崎,052517960
南流山,033537670
新松戸,033520270
新八柱,033520360
東松戸,033532400
市川大野,033503000
船橋法典,033534510
西船橋,033529360
市川,058002990
船橋,058034480
津田沼,058024780
稲毛,058003250
千葉,058024180
東千葉,058532030
都賀,058524530
四街道,058541130
物井,058539360
佐倉,058516030
南酒々井,058537540
榎戸,058504990
八街,058539960
日向,058533100
成東,058528090
松尾,058535830
横芝,058540880
飯倉,058501810
八日市場,058540820
干潟,058532610
旭,058500740
飯岡,058501800
倉橋,058512990
猿田,058516610
松岸,058535890
銚子,058524410
舞浜,060035540
新浦安,060019090
市川塩浜,060003010
西船橋,060029360
二俣新町,060034280
南船橋,060037760
新習志野,060020050
海浜幕張,060007530
検見川浜,060013790
稲毛海岸,060003260
千葉みなと,060024240
蘇我,060021750
佐原,060516650
香取,060508620
十二橋,060518470
千葉,061024180
本千葉,061035430
蘇我,061021750
鎌取,061008970
誉田,061035410
土気,061026070
大網,061005390
永田,061027170
本納,061035460
新茂原,061020330
茂原,061039370
八積,061040020
上総一ノ宮,061008110
東浪見,061026670
太東,061021980
長者町,061024430
三門,061036310
大原,061006200
浪花,061027940
御宿,061007420
勝浦,061008490
安房小湊,061001680
安房天津,061001650
安房鴨川,061001670
大網,061505390
福俵,061533690
東金,061525610
求名,061512900
成東,061528090
千葉,062524180
本千葉,062535430
蘇我,062521750
浜野,062531130
八幡宿,062540570
五井,062513840
姉ヶ崎,062501140
長浦,062526880
袖ヶ浦,062521770
巌根,062503900
木更津,062510750
君津,062511830
青堀,062500220
大貫,062506140
上総湊,062508240
竹岡,062522840
浜金谷,062531060
保田,062535070
那古船形,062527720
館山,062523220
九重,062514780
安房鴨川,062501670
木更津,063510750
祇園,063510640
上総清川,063508170
東清川,063531860
横田,063540920
東横田,063532570
馬来田,063535630
下郡,063518040
小櫃,063507150
浦安,002504690
南行徳,002537450
行徳,002512030
妙典,002538520
原木中山,002531240
西船橋,002529360
本八幡,006539350
国府台,055514310
市川真間,055503020
菅野,055520540
京成八幡,055513710
鬼越,055507050
京成中山,055513640
東中山,055532130
京成西船,055513660
海神,055507470
京成船橋,055513680
大神宮下,055521940
船橋競馬場,055534490
谷津,055540000
京成津田沼,055513630
京成大久保,055513530
実籾,055538200
八千代台,055539970
京成大和田,055513540
勝田台,055508540
志津,055517410
ユーカリが丘,055540660
京成臼井,055513520
京成佐倉,055513570
大佐倉,055505800
京成酒々井,055513580
宗吾参道,055521630
公津の杜,055514180
京成成田,055513650
東成田,055532150
空港第２ビル,055512430
成田空港,055528020
京成津田沼,056513630
京成幕張本郷,056513700
京成幕張,056513690
検見川,056513780
京成稲毛,056513500
みどり台,056537130
西登戸,056529200
新千葉,056519860
京成千葉,056513620
千葉中央,056524210
千葉中央,057024210
千葉寺,057024220
大森台,057006390
学園前,057007620
おゆみ野,057007290
ちはら台,057024260
松戸,053535990
上本郷,053509390
松戸新田,053536000
みのり台,053538120
八柱,053540140
常盤平,053525990
五香,053514750
元山,053539330
くぬぎ山,053512810
北初富,053511500
新鎌ヶ谷,053519270
初富,053530840
鎌ヶ谷大仏,053508880
二和向台,053534300
三咲,053536660
滝不動,053522810
高根公団,053522480
高根木戸,053522470
北習志野,053511400
習志野,053527980
薬園台,053539780
前原,053535570
新津田沼,053519870
京成津田沼,053513630
川間,049510140
七光台,049527830
清水公園,049517750
愛宕,049501010
野田市,049530060
梅郷,049504620
運河,049504730
江戸川台,049504930
初石,049530720
流山おおたかの森,049576125
豊四季,049526530
柏,049507970
新柏,049519220
増尾,049535730
逆井,049515830
高柳,049522610
六実,049538950
新鎌ヶ谷,049519270
鎌ヶ谷,049508870
馬込沢,049535700
塚田,049524560
新船橋,049520190
船橋,049534480
矢切,056039760
北国分,056011160
秋山,056000490
東松戸,056032400
松飛台,056036060
大町,056006270
新鎌ヶ谷,056019270
西白井,056028840
白井,056018890
小室,056015400
千葉ニュータウン中央,056024230
印西牧の原,056003970
印旛日本医大,056003990
南流山,076037670
流山セントラルパーク,076076120
流山おおたかの森,076076125
柏の葉キャンパス,076076130
柏たなか,076076135
千葉みなと,059524240
市役所前,059518380
千葉,059524180
栄町,059515760
葭川公園,059540980
県庁前,059513820
千葉公園,059524190
作草部,059516010
天台,059525400
穴川,059501110
スポーツセンター,059520780
動物公園,059525840
みつわ台,059537060
都賀,059524530
桜木,059516090
小倉台,059506720
千城台北,059524050
千城台,059524040
馬橋,052036120
幸谷,052014380
小金城趾,052014560
鰭ヶ崎,052033400
平和台,052034670
流山,052027670
西船橋,059029360
東海神,059031750
飯山満,059030440
北習志野,059011400
船橋日大前,059034500
八千代緑が丘,059039990
八千代中央,059039980
村上,059038960
東葉勝田台,059025890
ユーカリが丘,054540660
地区センター,054523910
公園,054513920
女子大,054518780
中学校,054524350
井野,054503490
五井,063013840
上総村上,063008250
海士有木,063001280
上総三又,063008230
上総山田,063008260
光風台,063014340
馬立,063004510
上総牛久,063008120
上総川間,063008160
上総鶴舞,063008190
上総久保,063008180
高滝,063022320
西大原,062028470
大原,062006200
銚子,071524410
仲ノ町,071563445
観音,071563450
本銚子,071563455
笠上黒生,071563460
西海鹿島,071563465
海鹿島,071563470
君ヶ浜,071563475
外川,071563485
東成田,055732150
芝山千代田,055753925
東松戸,056332400
新鎌ヶ谷,056319270
千葉ニュータウン中央,056324230
印旛日本医大,056303990
成田湯川,056303995
空港第２ビル,056312430
成田空港,056328020
大宮,012606310
さいたま新都心,012615620
与野,012641220
北浦和,012610970
浦和,012604710
南浦和,012637350
蕨,012641880
西川口,012628600
川口,012609870
戸田公園,039526170
戸田,039526150
北戸田,039511390
武蔵浦和,039538700
中浦和,039526900
南与野,039537840
与野本町,039541230
北与野,039511630
大宮,039506310
大宮,040006310
日進,040029600
西大宮,040042510
指扇,040016330
南古谷,040037770
川越,040009900
西川越,040028610
的場,040036090
笠幡,040007820
武蔵高萩,040038790
高麗川,040015280
浦和,040504710
さいたま新都心,040515620
大宮,040506310
宮原,040538330
上尾,040500530
北上尾,040510880
桶川,040506730
北本,040511600
鴻巣,040514300
北鴻巣,040511140
吹上,040533580
行田,040511960
熊谷,040512840
籠原,040507750
深谷,040533560
岡部,040506560
本庄,040535390
神保原,040520230
浦和,043004710
さいたま新都心,043015620
大宮,043006310
土呂,043026770
東大宮,043031720
蓮田,043030520
白岡,043018800
新白岡,043019720
久喜,043012470
東鷲宮,043032600
栗橋,043013040
東所沢,033532060
新座,033528210
北朝霞,033510890
西浦和,033528360
武蔵浦和,033538700
南浦和,033537350
東浦和,033531670
東川口,033531820
南越谷,033537500
越谷レイクタウン,033540965
吉川,033540970
吉川美南,033583725
新三郷,033520300
三郷,033536710
金子,034008780
東飯能,034032260
高麗川,034015280
毛呂,034039590
越生,034006750
明覚,034038420
小川町,034006630
竹沢,034022870
寄居,034041320
用土,034040840
松久,034036050
児玉,034014960
丹荘,034023760
栗橋,758013040
東鷲宮,758032600
久喜,758012470
新白岡,758019720
白岡,758018800
蓮田,758030520
東大宮,758031720
土呂,758026770
大宮,758006310
浦和,758004710
神保原,758520230
本庄,758535390
岡部,758506560
深谷,758533560
籠原,758507750
熊谷,758512840
行田,758511960
吹上,758533580
北鴻巣,758511140
鴻巣,758514300
北本,758511600
桶川,758506730
北上尾,758510880
上尾,758500530
宮原,758538330
大宮,758506310
浦和,758504710
大宮,041506310
熊谷,041512840
本庄早稲田,041554045
大宮,042006310
熊谷,042012840
本庄早稲田,042054045
大宮,043506310
和光市,004041690
和光市,004341690
所沢,035026120
航空公園,035013970
新所沢,035019960
入曽,035003720
狭山市,035016570
新狭山,035019630
南大塚,035037380
本川越,035035290
所沢,037026120
西所沢,037029090
小手指,037015050
狭山ヶ丘,037016560
武蔵藤沢,037038840
稲荷山公園,037003440
入間市,037003770
仏子,037033800
元加治,037039230
飯能,037031480
東飯能,037032260
高麗,037015240
武蔵横手,037038880
西所沢,036029090
下山口,036018310
西武球場前,036021040
西武球場前,036521040
西武園ゆうえんち,036540620
芦ヶ久保,038000860
横瀬,038040910
西武秩父,038021070
和光市,038541690
朝霞,038500620
朝霞台,038500630
志木,038517200
柳瀬川,038540110
みずほ台,038536790
鶴瀬,038525010
ふじみ野,038534060
上福岡,038509340
新河岸,038519210
川越,038509900
川越市,038509910
霞ヶ関,038508300
鶴ヶ島,038524970
若葉,038541600
坂戸,038515870
北坂戸,038511190
高坂,038522230
東松山,038532420
森林公園,038520410
つきのわ,038553915
武蔵嵐山,038538890
小川町,038506630
東武竹沢,038525820
みなみ寄居,038584585
男衾,038507170
鉢形,038530680
玉淀,038523620
寄居,038541320
坂戸,039015870
一本松,039003180
西大家,039028480
川角,039009860
武州長瀬,039034120
東毛呂,039032500
武州唐沢,039034100
越生,039006750
谷塚,044040010
草加,044021610
獨協大学前,044036040
新田,044019900
蒲生,044009600
新越谷,044019520
越谷,044014820
北越谷,044011170
大袋,044006230
せんげん台,044021380
武里,044022860
一ノ割,044003110
春日部,044008090
北春日部,044011050
姫宮,044033090
東武動物公園,044025850
和戸,044041850
久喜,044012470
鷲宮,044041720
花崎,044030910
加須,044008330
南羽生,044037700
羽生,044031000
東武動物公園,047025850
杉戸高野台,047020590
幸手,047016370
南栗橋,047037470
栗橋,047013040
新古河,047019500
柳生,047039750
大宮,049506310
北大宮,049511000
大宮公園,049506330
大和田,049506450
七里,049527840
岩槻,049503860
東岩槻,049531640
豊春,049526620
八木崎,049539730
春日部,049508090
藤の牛島,049533960
南桜井,049537520
川口元郷,064053820
南鳩ヶ谷,064053825
鳩ヶ谷,064053830
新井宿,064053835
戸塚安行,064053840
東川口,064031820
浦和美園,064053845
八潮,076076100
三郷中央,076076105
大宮,042506310
鉄道博物館,042506130
加茂宮,042509650
東宮原,042532460
今羽,042515590
吉野原,042541070
原市,042531230
沼南,042518640
丸山,042536190
志久,042517240
伊奈中央,042503310
羽貫,042531010
内宿,042504300
羽生,049031000
西羽生,049029320
新郷,049019460
武州荒木,049034090
東行田,049031850
行田市,049011970
持田,049039210
ソシオ流通センター,049039215
熊谷,049012840
上熊谷,049009150
石原,049002410
ひろせ野鳥の森,049053970
広瀬川原,049053972
大麻生,049005370
明戸,049000570
武川,049022850
永田,049053905
ふかや花園,049053908
小前田,049007180
桜沢,049016110
寄居,049041320
波久礼,049030310
野上,049029990
長瀞,049027260
上長瀞,049009250
親鼻,049007260
皆野,049037250
和銅黒谷,049013260
大野原,049006160
秩父,049024090
御花畑,049007130
